{"epoch": 14, "dev_loss": 3.1311438424246654, "dev_ppl": 22.900158740246578, "train_loss": 2.6742121020800615, "lang_tag": ">>san_Deva<<"}